{
    "deflections": {
        "AX": 80.1587301587302,
        "CDD": 2000.0,
        "H1": 0.0,
        "H2": 80.1587301587302,
        "L1": 319.84126984127,
        "L2": 115.079365079365
    },
    "gains": {
        "AX": 1.0231143,
        "CDD": 0.0,
        "H1": 1.0,
        "H2": 1.0112697,
        "L1": 1.0190774,
        "L2": 1.0294776
    },
    "settings": [],
    "spectrometer": {}
}